generacion,optimal,avg,dominio
0,11735.0,11857.78,[0.97608442 0.90793904]
1,11735.0,11859.56,[0.97608442 0.90793904]
