generacion,optimal,avg,dominio
0,11735.0,11852.83,[0.94097274 0.94670124]
1,11735.0,11858.27,[0.94097274 0.94670124]
