generacion,optimal,avg,dominio
0,11745.0,11865.19,[0.83615469 0.97330001]
1,11727.0,11857.96,[0.97727593 0.96447953]
