generacion,optimal,avg,dominio
0,11752.0,11865.48,[0.89813847 0.87076682]
1,11726.0,11857.3,[0.99260372 0.95945258]
