generacion,optimal,avg,dominio
0,11725.0,11853.91,[0.96702196 0.9873963 ]
1,11725.0,11855.02,[0.96702196 0.9873963 ]
