generacion,optimal,avg,dominio
0,11729.0,11854.03,[0.95925476 0.97124856]
1,11729.0,11855.76,[0.95925476 0.97124856]
