generacion,optimal,avg,dominio
0,11744.0,11857.32,[0.82281733 0.99767649]
1,11740.0,11858.65,[0.95732246 0.89215662]
