generacion,optimal,avg,dominio
0,11749.0,11868.04,[0.89691759 0.88710946]
1,11737.0,11852.91,[0.88121939 0.98984624]
