generacion,optimal,avg,dominio
0,11745.0,11867.75,[0.910486   0.90292963]
1,11745.0,11862.79,[0.910486   0.90292963]
