generacion,optimal,avg,dominio
0,11731.0,11844.52,[0.96718989 0.94697595]
1,11731.0,11851.31,[0.96718989 0.94697595]
