generacion,optimal,avg,dominio
0,11740.0,11855.73,[0.92062661 0.92894827]
1,11740.0,11858.63,[0.92062661 0.92894827]
