generacion,optimal,avg,dominio
0,11727.0,11853.15,[0.98949004 0.95687982]
1,11727.0,11841.81,[0.98949004 0.95687982]
