generacion,optimal,avg,dominio
0,11749.0,11860.52,[0.87941011 0.90177149]
1,11749.0,11864.37,[0.87941011 0.90177149]
