generacion,optimal,avg,dominio
0,11748.0,11862.98,[0.95153256 0.84242582]
1,11745.0,11861.67,[0.86990551 0.94740497]
