generacion,optimal,avg,dominio
0,11723.0,11853.91,[0.97664479 0.9968896 ]
1,11723.0,11853.33,[0.97664479 0.9968896 ]
