generacion,optimal,avg,dominio
0,11734.0,11860.47,[0.8952604 0.9954681]
1,11734.0,11857.54,[0.8952604 0.9954681]
