generacion,optimal,avg,dominio
0,11732.0,11860.76,[0.99568653 0.90953747]
1,11732.0,11860.97,[0.99568653 0.90953747]
