generacion,optimal,avg,dominio
0,11745.0,11855.76,[0.84630227 0.97096456]
1,11745.0,11854.99,[0.84630227 0.97096456]
