generacion,optimal,avg,dominio
0,11733.0,11855.84,[0.96956444 0.9312918 ]
1,11733.0,11863.68,[0.96956444 0.9312918 ]
