generacion,optimal,avg,dominio
0,11749.0,11855.63,[0.78828849 0.99355978]
1,11741.0,11860.18,[0.93436562 0.90790093]
