generacion,optimal,avg,dominio
0,11734.0,11855.14,[0.92819333 0.96565276]
1,11723.0,11846.73,[0.98334832 0.98935536]
