generacion,optimal,avg,dominio
0,11735.0,11856.73,[0.90782935 0.97346279]
1,11735.0,11853.79,[0.90782935 0.97346279]
