generacion,optimal,avg,dominio
0,11743.0,11863.84,[0.98640985 0.83857956]
1,11743.0,11866.76,[0.98640985 0.83857956]
